{
  "results": [
    {
      "command": "./rust/target/release/v2_faster_hash measurements.txt",
      "mean": 44.32476007084,
      "stddev": 0.14797953528223676,
      "median": 44.27507999104,
      "user": 34.41122112,
      "system": 7.51995722,
      "min": 44.19150105204,
      "max": 44.50420695504,
      "times": [
        44.19391957804,
        44.19150105204,
        44.45909277804,
        44.50420695504,
        44.27507999104
      ],
      "exit_codes": [
        0,
        0,
        0,
        0,
        0
      ]
    }
  ]
}
