{
  "results": [
    {
      "command": "./rust/target/release/v6_multi_threading_v1 measurements.txt 320",
      "mean": 4.70956577834,
      "stddev": 0.17394615922169201,
      "median": 4.76127119394,
      "user": 85.68951453999999,
      "system": 1.0666212199999998,
      "min": 4.45637549494,
      "max": 4.88475247694,
      "times": [
        4.45637549494,
        4.61497879794,
        4.76127119394,
        4.83045092794,
        4.88475247694
      ],
      "exit_codes": [
        0,
        0,
        0,
        0,
        0
      ]
    }
  ]
}
