{
  "results": [
    {
      "command": "./rust/target/release/v5_mmap measurements.txt",
      "mean": 29.85121704818,
      "stddev": 1.1173278475148332,
      "median": 29.33592535838,
      "user": 28.5455784,
      "system": 1.2216747,
      "min": 29.272238582379998,
      "max": 31.84254183738,
      "times": [
        31.84254183738,
        29.514976333379998,
        29.29040312938,
        29.33592535838,
        29.272238582379998
      ],
      "exit_codes": [
        0,
        0,
        0,
        0,
        0
      ]
    }
  ]
}
