{
  "results": [
    {
      "command": "./rust/target/release/v4_parse_temp measurements.txt",
      "mean": 39.342027462039994,
      "stddev": 0.13076381993156258,
      "median": 39.27527854524,
      "user": 29.39322198,
      "system": 7.49101226,
      "min": 39.24290375924,
      "max": 39.56283443124,
      "times": [
        39.56283443124,
        39.358441781239996,
        39.27067879324,
        39.27527854524,
        39.24290375924
      ],
      "exit_codes": [
        0,
        0,
        0,
        0,
        0
      ]
    }
  ]
}
