{
  "results": [
    {
      "command": "./rust/target/release/v0_buffer_reader measurements.txt",
      "mean": 77.43009871266,
      "stddev": 5.761559396572042,
      "median": 75.22594089766001,
      "user": 74.80887664000001,
      "system": 1.98889332,
      "min": 74.18831494766,
      "max": 87.68221193066,
      "times": [
        87.68221193066,
        74.41084541366,
        75.22594089766001,
        74.18831494766,
        75.64318037366
      ],
      "exit_codes": [
        0,
        0,
        0,
        0,
        0
      ]
    }
  ]
}
