{
  "results": [
    {
      "command": "./rust/target/release/v3_fast_float measurements.txt",
      "mean": 41.96646539556,
      "stddev": 0.06576726762649468,
      "median": 41.941453440160004,
      "user": 32.0281345,
      "system": 7.494316379999999,
      "min": 41.91874905516,
      "max": 42.08098448716,
      "times": [
        41.941453440160004,
        42.08098448716,
        41.91874905516,
        41.95990577916,
        41.93123421616
      ],
      "exit_codes": [
        0,
        0,
        0,
        0,
        0
      ]
    }
  ]
}
