{
  "results": [
    {
      "command": "./rust/target/release/v1_bytes measurements.txt",
      "mean": 53.734740478000006,
      "stddev": 0.7815401687012757,
      "median": 54.1350410524,
      "user": 44.381652300000006,
      "system": 7.197246299999999,
      "min": 52.3960228684,
      "max": 54.2993716244,
      "times": [
        52.3960228684,
        53.6956373204,
        54.1350410524,
        54.1476295244,
        54.2993716244
      ],
      "exit_codes": [
        0,
        0,
        0,
        0,
        0
      ]
    }
  ]
}
