{
  "results": [
    {
      "command": "pypy -m python.v1_pypy_list measurements.txt",
      "mean": 181.58757484452,
      "stddev": 0.36923563888961664,
      "median": 181.73685292552,
      "user": 179.13816007999998,
      "system": 2.4441279199999997,
      "min": 181.09227110452,
      "max": 182.00026382651998,
      "times": [
        181.32490076151998,
        181.78358560452,
        181.73685292552,
        182.00026382651998,
        181.09227110452
      ],
      "exit_codes": [
        0,
        0,
        0,
        0,
        0
      ]
    }
  ]
}
