{
  "results": [
    {
      "command": "python -m python.baseline_pandas measurements.txt",
      "mean": 217.59254838571997,
      "stddev": 4.657302003283198,
      "median": 215.74419424931997,
      "user": 196.59574848,
      "system": 20.971164980000005,
      "min": 214.61480405531998,
      "max": 225.83633939531998,
      "times": [
        225.83633939531998,
        215.30143408331998,
        216.46597014532,
        214.61480405531998,
        215.74419424931997
      ],
      "exit_codes": [
        0,
        0,
        0,
        0,
        0
      ]
    }
  ]
}
