{
  "results": [
    {
      "command": "pypy -m python.v2_pypy_bytes measurements.txt",
      "mean": 124.38501702526,
      "stddev": 0.7778750964139389,
      "median": 124.15219658706,
      "user": 122.05491792000001,
      "system": 2.32514312,
      "min": 123.70322928306,
      "max": 125.72873380506,
      "times": [
        125.72873380506,
        124.21333988306,
        124.12758556806,
        123.70322928306,
        124.15219658706
      ],
      "exit_codes": [
        0,
        0,
        0,
        0,
        0
      ]
    }
  ]
}
