{
  "results": [
    {
      "command": "pypy -m python.v3_pypy_temp_parsing measurements.txt",
      "mean": 96.24279144923999,
      "stddev": 0.546149026910642,
      "median": 96.32388895364,
      "user": 93.9656811,
      "system": 2.27222422,
      "min": 95.51713346663999,
      "max": 96.80583675164,
      "times": [
        96.80583675164,
        96.69562691264,
        95.51713346663999,
        96.32388895364,
        95.87147116164
      ],
      "exit_codes": [
        0,
        0,
        0,
        0,
        0
      ]
    }
  ]
}
