{
  "results": [
    {
      "command": "python -m python.baseline_ibis_duckdb measurements.txt",
      "mean": 11.24707280104,
      "stddev": 0.5157982222303351,
      "median": 11.34184399804,
      "user": 175.01814679999998,
      "system": 9.7205906,
      "min": 10.709061738039999,
      "max": 11.82073813704,
      "times": [
        10.71917420004,
        10.709061738039999,
        11.34184399804,
        11.64454593204,
        11.82073813704
      ],
      "exit_codes": [
        0,
        0,
        0,
        0,
        0
      ]
    }
  ]
}
