{
  "results": [
    {
      "command": "pypy -m python.v4_pypy_mp measurements.txt 320",
      "mean": 42.66733839758,
      "stddev": 7.668938168274102,
      "median": 39.167409666779996,
      "user": 714.5888596,
      "system": 122.97219006,
      "min": 34.52249835078,
      "max": 54.07875930778,
      "times": [
        34.52249835078,
        54.07875930778,
        46.418209436779996,
        39.167409666779996,
        39.149815225779996
      ],
      "exit_codes": [
        0,
        0,
        0,
        0,
        0
      ]
    }
  ]
}
