{
  "results": [
    {
      "command": "pypy -m python.v5_pypy_mp_v2 measurements.txt 320",
      "mean": 34.77215054776,
      "stddev": 9.419264618169754,
      "median": 32.77670730416,
      "user": 553.2632693799999,
      "system": 125.6311798,
      "min": 24.40688628716,
      "max": 46.29061031216,
      "times": [
        24.40688628716,
        27.76225561516,
        32.77670730416,
        46.29061031216,
        42.62429322016
      ],
      "exit_codes": [
        0,
        0,
        0,
        0,
        0
      ]
    }
  ]
}
