{
  "results": [
    {
      "command": "pypy -m python.v0_builtin_with_pypy measurements.txt",
      "mean": 184.7587860012,
      "stddev": 1.3393763881276204,
      "median": 184.3256184926,
      "user": 182.22638162000004,
      "system": 2.4779211400000003,
      "min": 182.9805800786,
      "max": 186.19308924060002,
      "times": [
        182.9805800786,
        184.3256184926,
        186.19308924060002,
        184.29089794860002,
        186.00374424560002
      ],
      "exit_codes": [
        0,
        0,
        0,
        0,
        0
      ]
    }
  ]
}
