{
  "results": [
    {
      "command": "python -m python.baseline_polars measurements.txt",
      "mean": 20.1773313957,
      "stddev": 12.758002888492483,
      "median": 11.8096108077,
      "user": 241.72848768,
      "system": 8.25617462,
      "min": 11.6256282787,
      "max": 40.365042138700005,
      "times": [
        11.8096108077,
        11.6500151077,
        11.6256282787,
        25.436360645700002,
        40.365042138700005
      ],
      "exit_codes": [
        0,
        0,
        0,
        0,
        0
      ]
    }
  ]
}
