{
  "results": [
    {
      "command": "python -m python.v0_builtin measurements.txt",
      "mean": 703.82267430704,
      "stddev": 12.600834038014051,
      "median": 699.50710804724,
      "user": 701.0028878999999,
      "system": 2.16285962,
      "min": 695.57300574124,
      "max": 725.96699806724,
      "times": [
        725.96699806724,
        701.50217652024,
        699.50710804724,
        696.56408315924,
        695.57300574124
      ],
      "exit_codes": [
        0,
        0,
        0,
        0,
        0
      ]
    }
  ]
}
